{
  "id": "DIS002",
  "name": "满1000打6折",
  "desc": "鲁花花生油满2瓶打5折且总价满1000打6折",
  "sequence": 3,
  "start": "2019-06-28 00:00:00",
  "close": "2019-10-26 00:00:00",
  "condition": "false (c1>=2)&&(c1*p1+c2*p2+c3*p3) >= 1000",
  "action": "discount ((c1*p1*0.5)+c2*p2+c3*p3)*0.6",
  "map": {
    "1":{
      "id": "8139349",
      "name": "伊利金典有机纯牛奶"
    },
    "2":{
      "id": "1599047",
      "name": "鲁花花生油"
    },
    "3":{
      "id": "2828950",
      "name": "维达抽纸"
    }
  }
}
