{
  "id": "GIV002",
  "name": "满2000送2提纸巾及1箱牛奶",
  "desc": "满2000送2提纸巾及1箱牛奶",
  "sequence": 5,
  "start": "2019-06-28 00:00:00",
  "close": "2019-10-26 00:00:00",
  "condition": "false (c1*p1+c2*p2+c3*p3) >= 2000",
  "action": "giving 2828950:2,8139349:1",
  "map": {
    "1":{
      "id": "8139349",
      "name": "伊利金典有机纯牛奶"
    },
    "2":{
      "id": "1599047",
      "name": "鲁花花生油"
    },
    "3":{
      "id": "2828950",
      "name": "维达抽纸"
    }
  }
}
