{
  "id": "COU001",
  "name": "满3000送优惠券",
  "desc": "满3000送三张大额优惠券",
  "sequence": 1,
  "start": "2019-06-28 00:00:00",
  "close": "2019-10-26 00:00:00",
  "condition": "false (c1*p1+c2*p2+c3*p3) >= 3000",
  "action": "coupon C000 0001, C000 0003, C000 0004",
  "map": {
    "1":{
      "id": "8139349",
      "name": "伊利金典有机纯牛奶"
    },
    "2":{
      "id": "1599047",
      "name": "鲁花花生油"
    },
    "3":{
      "id": "2828950",
      "name": "维达抽纸"
    }
  }
}
