{
  "id": "RED001",
  "name": "满1000减100",
  "desc": "满1000减100",
  "sequence": 6,
  "start": "2019-06-28 00:00:00",
  "close": "2019-10-26 00:00:00",
  "condition": "false (c1*p1+c2*p2+c3*p3) >= 1000",
  "action": "reduce (c1*p1+c2*p2+c3*p3)-100",
  "map": {
    "1":{
      "id": "8139349",
      "name": "伊利金典有机纯牛奶"
    },
    "2":{
      "id": "1599047",
      "name": "鲁花花生油"
    },
    "3":{
      "id": "2828950",
      "name": "维达抽纸"
    }
  }
}
