{
  "id": "GIV001",
  "name": "满700送1提纸巾",
  "desc": "满700送纸巾",
  "sequence": 4,
  "start": "2019-06-28 00:00:00",
  "close": "2019-10-26 00:00:00",
  "condition": "false (c1*p1+c2*p2+c3*p3) >= 700",
  "action": "giving 2828950:2",
  "map": {
    "1":{
      "id": "8139349",
      "name": "伊利金典有机纯牛奶"
    },
    "2":{
      "id": "1599047",
      "name": "鲁花花生油"
    },
    "3":{
      "id": "2828950",
      "name": "维达抽纸"
    }
  }
}
