{
  "id": "SUI001",
  "name": "10元套装促销",
  "desc": "10元套装促销",
  "sequence": 7,
  "start": "2019-06-28 00:00:00",
  "close": "2019-10-26 00:00:00",
  "condition": "false (c1>9)&&(c3<2)&&((c1*p1+c2*p2+c3*p3) >= 300)",
  "action": "suit 10",
  "map": {
    "1":{
      "id": "8139349",
      "name": "伊利金典有机纯牛奶"
    },
    "2":{
      "id": "1599047",
      "name": "鲁花花生油"
    },
    "3":{
      "id": "2828950",
      "name": "维达抽纸"
    }
  }
}
